,0
2022-12-14 10:21:30.036081,777.58
2022-12-14 10:21:30.036081,777.58
2022-12-15 10:21:30.037094,777.58
2022-12-15 10:21:30.037094,777.58
2022-12-16 10:21:30.037094,777.58
2022-12-16 10:21:30.037094,777.58
2022-12-17 10:21:30.037094,777.58
2022-12-18 10:21:30.037094,777.58
2022-12-18 10:21:30.037094,777.58
2022-12-19 10:21:30.037094,777.58
2022-12-19 10:21:30.037094,777.58
2022-12-20 10:21:30.037094,777.58
2022-12-20 10:21:30.037094,777.58
2022-12-21 10:21:30.037094,777.58
2022-12-22 10:21:30.037094,777.58
2022-12-22 10:21:30.037094,777.58
2022-12-23 10:21:30.037094,777.58
2022-12-23 10:21:30.037094,777.58
2022-12-24 10:21:30.037094,777.58
2022-12-24 10:21:30.037094,777.58
2022-12-25 10:21:30.037094,777.58
2022-12-26 10:21:30.037094,777.58
2022-12-26 10:21:30.037094,777.58
2022-12-27 10:21:30.037094,777.58
2022-12-27 10:21:30.037094,777.58
2022-12-28 10:21:30.037094,777.58
2022-12-28 10:21:30.038040,777.58
2022-12-29 10:21:30.038040,777.58
2022-12-30 10:21:30.038040,777.58
2022-12-30 10:21:30.038040,777.58
2022-12-31 10:21:30.038040,777.58
2022-12-31 10:21:30.038040,777.58
2023-01-01 10:21:30.038040,777.58
2023-01-01 10:21:30.038040,777.58
2023-01-02 10:21:30.038040,777.58
2023-01-03 10:21:30.038040,777.58
2023-01-03 10:21:30.038040,777.58
2023-01-04 10:21:30.038040,777.58
2023-01-04 10:21:30.038040,777.58
2023-01-05 10:21:30.038040,777.58
2023-01-06 10:21:30.038040,777.58
2023-01-06 10:21:30.038040,777.58
2023-01-07 10:21:30.038040,777.58
2023-01-07 10:21:30.038040,777.58
2023-01-08 10:21:30.038040,777.58
2023-01-08 10:21:30.038040,777.58
2023-01-09 10:21:30.038040,777.58
2023-01-10 10:21:30.038040,777.58
2023-01-10 10:21:30.038040,777.58
2023-01-11 10:21:30.038040,777.58
2023-01-11 10:21:30.038040,777.58
2023-01-12 10:21:30.038040,777.58
2023-01-12 10:21:30.038040,777.58
2023-01-13 10:21:30.039141,777.58
2023-01-14 10:21:30.039141,777.58
2023-01-14 10:21:30.039141,777.58
2023-01-15 10:21:30.039141,777.58
2023-01-15 10:21:30.039141,777.58
2023-01-16 10:21:30.039141,777.58
2023-01-16 10:21:30.039141,777.58
2023-01-17 10:21:30.039141,777.58
2023-01-18 10:21:30.039141,777.58
2023-01-18 10:21:30.039141,777.58
2023-01-19 10:21:30.039141,777.58
2023-01-19 10:21:30.039141,777.58
2023-01-20 10:21:30.039141,777.58
2023-01-20 10:21:30.039141,777.58
2023-01-21 10:21:30.039141,777.58
2023-01-22 10:21:30.039141,777.58
2023-01-22 10:21:30.039141,777.58
2023-01-23 10:21:30.039141,777.58
2023-01-23 10:21:30.039141,777.58
2023-01-24 10:21:30.039141,777.58
2023-01-25 10:21:30.039141,777.58
2023-01-25 10:21:30.039141,777.58
2023-01-26 10:21:30.040091,777.58
2023-01-26 10:21:30.040091,777.58
2023-01-27 10:21:30.040091,777.58
2023-01-27 10:21:30.040091,777.58
2023-01-28 10:21:30.040091,777.58
2023-01-29 10:21:30.040091,777.58
2023-01-29 10:21:30.040091,777.58
2023-01-30 10:21:30.040091,777.58
2023-01-30 10:21:30.040091,777.58
2023-01-31 10:21:30.040091,777.58
2023-01-31 10:21:30.040091,777.58
2023-02-01 10:21:30.040091,777.58
2023-02-02 10:21:30.040091,739.7863894523327
2023-02-02 10:21:30.040091,739.7863894523327
2023-02-03 10:21:30.040091,738.7785598377283
2023-02-03 10:21:30.040091,738.7785598377283
2023-02-04 10:21:30.040091,702.2447363083164
2023-02-04 10:21:30.040091,702.2447363083164
2023-02-05 10:21:30.040091,702.7486511156187
2023-02-06 10:21:30.040091,702.7486511156187
2023-02-06 10:21:30.040091,702.2447363083164
2023-02-07 10:21:30.040091,702.2447363083164
2023-02-07 10:21:30.040091,699.221247464503
2023-02-08 10:21:30.040091,699.221247464503
2023-02-08 10:21:30.040091,699.221247464503
2023-02-09 10:21:30.041085,699.221247464503
2023-02-10 10:21:30.041085,698.7173326572008
2023-02-10 10:21:30.041085,698.7173326572008
2023-02-11 10:21:30.041085,697.7095030425963
2023-02-11 10:21:30.041085,697.7095030425963
2023-02-12 10:21:30.041085,697.2055882352942
2023-02-13 10:21:30.041085,697.2055882352942
2023-02-13 10:21:30.041085,696.7016734279919
2023-02-14 10:21:30.041085,696.7016734279919
2023-02-14 10:21:30.041085,695.1899290060852
2023-02-15 10:21:30.041085,695.1899290060852
2023-02-15 10:21:30.041085,694.1820993914807
2023-02-16 10:21:30.041085,694.1820993914807
2023-02-17 10:21:30.041085,693.1742697768763
2023-02-17 10:21:30.041085,693.1742697768763
2023-02-18 10:21:30.041085,690.6546957403651
2023-02-18 10:21:30.041085,690.6546957403651
2023-02-19 10:21:30.041085,689.1429513184585
2023-02-19 10:21:30.041085,689.1429513184585
2023-02-20 10:21:30.041085,686.119462474645
2023-02-21 10:21:30.041085,686.119462474645
2023-02-21 10:21:30.041085,684.6077180527384
2023-02-22 10:21:30.041085,684.6077180527384
2023-02-22 10:21:30.041085,683.5998884381339
2023-02-23 10:21:30.042079,683.5998884381339
2023-02-23 10:21:30.042079,684.6077180527384
2023-02-24 10:21:30.042079,684.6077180527384
2023-02-25 10:21:30.042079,691.1586105476674
2023-02-25 10:21:30.042079,691.1586105476674
2023-02-26 10:21:30.042079,691.6625253549696
2023-02-26 10:21:30.042079,691.6625253549696
2023-02-27 10:21:30.042079,699.7251622718053
2023-02-27 10:21:30.042079,699.7251622718053
2023-02-28 10:21:30.042079,699.221247464503
2023-03-01 10:21:30.042079,699.221247464503
2023-03-01 10:21:30.042079,698.2134178498986
2023-03-02 10:21:30.042079,698.2134178498986
2023-03-02 10:21:30.042079,697.2055882352942
2023-03-03 10:21:30.042079,697.2055882352942
2023-03-04 10:21:30.042079,696.7016734279919
2023-03-04 10:21:30.042079,696.7016734279919
2023-03-05 10:21:30.042079,695.6938438133875
2023-03-05 10:21:30.042079,695.6938438133875
2023-03-06 10:21:30.042079,695.6938438133875
2023-03-06 10:21:30.042079,695.6938438133875
2023-03-07 10:21:30.042079,695.6938438133875
2023-03-08 10:21:30.042079,695.6938438133875
2023-03-08 10:21:30.042079,695.6938438133875
2023-03-09 10:21:30.042079,695.6938438133875
2023-03-09 10:21:30.042079,702.7486511156187
2023-03-10 10:21:30.043088,702.7486511156187
2023-03-10 10:21:30.043088,702.7486511156187
2023-03-11 10:21:30.043088,702.7486511156187
2023-03-12 10:21:30.043088,700.7329918864098
2023-03-12 10:21:30.043088,700.7329918864098
2023-03-13 10:21:30.043088,700.2290770791076
2023-03-13 10:21:30.043088,700.2290770791076
2023-03-14 10:21:30.043088,695.1899290060852
2023-03-14 10:21:30.043088,695.1899290060852
2023-03-15 10:21:30.043088,694.6860141987829
2023-03-16 10:21:30.043088,694.6860141987829
2023-03-16 10:21:30.043088,697.2055882352942
2023-03-17 10:21:30.043088,697.2055882352942
2023-03-17 10:21:30.043088,697.7095030425963
2023-03-18 10:21:30.043088,697.7095030425963
2023-03-18 10:21:30.043088,697.7095030425963
2023-03-19 10:21:30.043088,697.7095030425963
2023-03-20 10:21:30.043088,690.6546957403651
2023-03-20 10:21:30.043088,690.6546957403651
2023-03-21 10:21:30.043088,684.1038032454361
2023-03-21 10:21:30.043088,684.1038032454361
2023-03-22 10:21:30.043088,684.1038032454361
2023-03-23 10:21:30.043088,684.1038032454361
2023-03-23 10:21:30.043088,685.6155476673428
2023-03-24 10:21:30.043088,685.6155476673428
2023-03-24 10:21:30.044086,681.0803144016227
2023-03-25 10:21:30.044086,681.0803144016227
2023-03-25 10:21:30.044086,678.5607403651115
2023-03-26 10:21:30.044086,678.5607403651115
2023-03-27 10:21:30.044086,677.0489959432049
2023-03-27 10:21:30.044086,677.0489959432049
2023-03-28 10:21:30.044086,676.5450811359026
2023-03-28 10:21:30.044086,676.5450811359026
2023-03-29 10:21:30.044086,674.5294219066938
2023-03-29 10:21:30.044086,674.5294219066938
2023-03-30 10:21:30.044086,674.0255070993915
2023-03-31 10:21:30.044086,674.0255070993915
2023-03-31 10:21:30.044086,673.0176774847871
2023-04-01 10:21:30.044086,673.0176774847871
2023-04-01 10:21:30.044086,672.5137626774848
2023-04-02 10:21:30.044086,672.5137626774848
2023-04-02 10:21:30.044086,670.4981034482759
2023-04-03 10:21:30.044086,670.4981034482759
2023-04-04 10:21:30.044086,668.9863590263692
2023-04-04 10:21:30.044086,668.9863590263692
2023-04-05 10:21:30.044086,668.9863590263692
2023-04-05 10:21:30.044086,668.9863590263692
2023-04-06 10:21:30.044086,667.4746146044624
2023-04-06 10:21:30.044086,667.4746146044624
2023-04-07 10:21:30.045031,667.4746146044624
2023-04-08 10:21:30.045031,667.4746146044624
2023-04-08 10:21:30.045031,664.4511257606491
2023-04-09 10:21:30.045031,664.4511257606491
2023-04-09 10:21:30.045031,663.4432961460446
2023-04-10 10:21:30.045031,663.4432961460446
2023-04-11 10:21:30.045031,659.915892494929
2023-04-11 10:21:30.045031,659.915892494929
2023-04-12 10:21:30.045031,658.4041480730223
2023-04-12 10:21:30.045031,658.4041480730223
2023-04-13 10:21:30.045031,656.3884888438134
2023-04-13 10:21:30.045031,656.3884888438134
2023-04-14 10:21:30.045031,654.3728296146045
2023-04-15 10:21:30.045031,654.3728296146045
2023-04-15 10:21:30.045031,653.365
2023-04-16 10:21:30.045031,653.365
2023-04-16 10:21:30.045031,656.3884888438134
2023-04-17 10:21:30.045031,656.3884888438134
2023-04-17 10:21:30.045031,657.3963184584179
2023-04-18 10:21:30.045031,657.3963184584179
2023-04-19 10:21:30.045031,659.915892494929
2023-04-19 10:21:30.045031,659.915892494929
2023-04-20 10:21:30.045031,658.9080628803246
2023-04-20 10:21:30.046042,658.9080628803246
2023-04-21 10:21:30.046042,657.9002332657201
2023-04-21 10:21:30.046042,657.9002332657201
2023-04-22 10:21:30.046042,654.3728296146045
2023-04-23 10:21:30.046042,654.3728296146045
2023-04-23 10:21:30.046042,653.365
2023-04-24 10:21:30.046042,653.365
2023-04-24 10:21:30.046042,652.3571703853955
2023-04-25 10:21:30.046042,652.3571703853955
2023-04-25 10:21:30.046042,652.3571703853955
2023-04-26 10:21:30.046042,652.3571703853955
2023-04-27 10:21:30.046042,652.8610851926978
2023-04-27 10:21:30.046042,652.8610851926978
2023-04-28 10:21:30.046042,652.8610851926978
2023-04-28 10:21:30.046042,652.8610851926978
2023-04-29 10:21:30.046042,650.3415111561866
2023-04-30 10:21:30.046042,650.3415111561866
2023-04-30 10:21:30.046042,650.3415111561866
2023-05-01 10:21:30.046042,650.3415111561866
2023-05-01 10:21:30.046042,650.3415111561866
2023-05-02 10:21:30.046042,650.3415111561866
2023-05-02 10:21:30.046042,649.8375963488844
2023-05-03 10:21:30.046042,649.8375963488844
2023-05-04 10:21:30.047035,648.8297667342799
2023-05-04 10:21:30.047035,648.8297667342799
2023-05-05 10:21:30.047035,647.3180223123733
2023-05-05 10:21:30.047035,647.3180223123733
2023-05-06 10:21:30.047035,650.8454259634889
2023-05-06 10:21:30.047035,650.8454259634889
2023-05-07 10:21:30.047035,651.3493407707911
2023-05-08 10:21:30.047035,651.3493407707911
2023-05-08 10:21:30.047035,653.8689148073022
2023-05-09 10:21:30.047035,653.8689148073022
2023-05-09 10:21:30.047035,653.365
2023-05-10 10:21:30.047035,653.365
2023-05-10 10:21:30.047035,662.4354665314402
2023-05-11 10:21:30.047035,662.4354665314402
2023-05-12 10:21:30.047035,662.9393813387424
2023-05-12 10:21:30.047035,662.9393813387424
2023-05-13 10:21:30.047035,662.9393813387424
2023-05-13 10:21:30.047035,662.9393813387424
2023-05-14 10:21:30.047035,662.9393813387424
2023-05-14 10:21:30.047035,662.9393813387424
2023-05-15 10:21:30.047035,675.5372515212982
2023-05-16 10:21:30.047035,675.5372515212982
2023-05-16 10:21:30.047035,682.0881440162273
2023-05-17 10:21:30.047035,682.0881440162273
2023-05-17 10:21:30.047035,682.5920588235294
2023-05-18 10:21:30.048034,682.5920588235294
2023-05-19 10:21:30.048034,680.0724847870183
2023-05-19 10:21:30.048034,680.0724847870183
2023-05-20 10:21:30.048034,675.0333367139959
2023-05-20 10:21:30.048034,675.0333367139959
2023-05-21 10:21:30.048034,672.5137626774848
2023-05-21 10:21:30.048034,672.5137626774848
2023-05-22 10:21:30.048034,674.0255070993915
2023-05-23 10:21:30.048034,674.0255070993915
2023-05-23 10:21:30.048034,684.6077180527384
2023-05-24 10:21:30.048034,684.6077180527384
2023-05-24 10:21:30.048034,685.6155476673428
2023-05-25 10:21:30.048034,685.6155476673428
2023-05-25 10:21:30.048034,686.6233772819473
2023-05-26 10:21:30.048034,686.6233772819473
2023-05-27 10:21:30.048034,686.119462474645
2023-05-27 10:21:30.048034,686.119462474645
2023-05-28 10:21:30.048034,682.0881440162273
2023-05-28 10:21:30.048034,682.0881440162273
2023-05-29 10:21:30.048034,681.584229208925
2023-05-29 10:21:30.048034,681.584229208925
2023-05-30 10:21:30.048034,681.0803144016227
2023-05-31 10:21:30.048034,681.0803144016227
2023-05-31 10:21:30.048034,682.5920588235294
2023-06-01 10:21:30.048034,682.5920588235294
2023-06-01 10:21:30.048034,684.6077180527384
2023-06-02 10:21:30.049088,684.6077180527384
2023-06-02 10:21:30.049088,681.584229208925
2023-06-03 10:21:30.049088,681.584229208925
2023-06-04 10:21:30.049088,677.5529107505072
2023-06-04 10:21:30.049088,677.5529107505072
2023-06-05 10:21:30.049088,676.5450811359026
2023-06-05 10:21:30.049088,676.5450811359026
2023-06-06 10:21:30.049088,676.5450811359026
2023-06-07 10:21:30.049088,676.5450811359026
2023-06-07 10:21:30.049088,680.0724847870183
2023-06-08 10:21:30.049088,680.0724847870183
2023-06-08 10:21:30.049088,678.5607403651115
2023-06-09 10:21:30.049088,678.5607403651115
2023-06-09 10:21:30.049088,682.5920588235294
2023-06-10 10:21:30.049088,682.5920588235294
2023-06-11 10:21:30.049088,683.0959736308316
2023-06-11 10:21:30.049088,683.0959736308316
2023-06-12 10:21:30.049088,692.6703549695741
2023-06-12 10:21:30.049088,692.6703549695741
2023-06-13 10:21:30.049088,693.6781845841786
2023-06-13 10:21:30.049088,693.6781845841786
2023-06-14 10:21:30.049088,693.1742697768763
2023-06-15 10:21:30.049088,693.1742697768763
2023-06-15 10:21:30.049088,690.6546957403651
2023-06-16 10:21:30.049088,690.6546957403651
2023-06-16 10:21:30.050080,688.135121703854
2023-06-17 10:21:30.050080,688.135121703854
2023-06-17 10:21:30.050080,683.0959736308316
2023-06-18 10:21:30.050080,683.0959736308316
2023-06-19 10:21:30.050080,680.5763995943205
2023-06-19 10:21:30.050080,680.5763995943205
2023-06-20 10:21:30.050080,677.0489959432049
2023-06-20 10:21:30.050080,677.0489959432049
2023-06-21 10:21:30.050080,683.5998884381339
2023-06-21 10:21:30.050080,683.5998884381339
2023-06-22 10:21:30.050080,683.5998884381339
2023-06-23 10:21:30.050080,683.5998884381339
2023-06-23 10:21:30.050080,683.0959736308316
2023-06-24 10:21:30.050080,683.0959736308316
2023-06-24 10:21:30.050080,685.6155476673428
2023-06-25 10:21:30.050080,685.6155476673428
2023-06-26 10:21:30.050080,685.6155476673428
2023-06-26 10:21:30.050080,685.6155476673428
2023-06-27 10:21:30.050080,681.0803144016227
2023-06-27 10:21:30.050080,681.0803144016227
2023-06-28 10:21:30.050080,680.5763995943205
2023-06-28 10:21:30.050080,680.5763995943205
2023-06-29 10:21:30.050080,676.0411663286004
2023-06-30 10:21:30.050080,676.0411663286004
2023-06-30 10:21:30.050080,675.5372515212982
2023-07-01 10:21:30.050080,675.5372515212982
2023-07-01 10:21:30.051085,669.9941886409737
2023-07-02 10:21:30.051085,669.9941886409737
2023-07-02 10:21:30.051085,679.568569979716
2023-07-03 10:21:30.051085,679.568569979716
2023-07-04 10:21:30.051085,680.0724847870183
2023-07-04 10:21:30.051085,680.0724847870183
2023-07-05 10:21:30.051085,677.5529107505072
2023-07-05 10:21:30.051085,677.5529107505072
2023-07-06 10:21:30.051085,675.0333367139959
2023-07-06 10:21:30.051085,675.0333367139959
2023-07-07 10:21:30.051085,675.0333367139959
2023-07-08 10:21:30.051085,675.0333367139959
2023-07-08 10:21:30.051085,677.5529107505072
2023-07-09 10:21:30.051085,677.5529107505072
2023-07-09 10:21:30.051085,678.0568255578094
2023-07-10 10:21:30.051085,678.0568255578094
2023-07-10 10:21:30.051085,677.5529107505072
2023-07-11 10:21:30.051085,677.5529107505072
2023-07-12 10:21:30.051085,674.5294219066938
2023-07-12 10:21:30.051085,674.5294219066938
2023-07-13 10:21:30.051085,677.5529107505072
2023-07-13 10:21:30.051085,677.5529107505072
2023-07-14 10:21:30.051085,678.0568255578094
2023-07-15 10:21:30.051085,678.0568255578094
2023-07-15 10:21:30.051085,680.5763995943205
2023-07-16 10:21:30.052083,680.5763995943205
2023-07-16 10:21:30.052083,680.5763995943205
2023-07-17 10:21:30.052083,680.5763995943205
2023-07-17 10:21:30.052083,680.5763995943205
2023-07-18 10:21:30.052083,680.5763995943205
2023-07-19 10:21:30.052083,680.5763995943205
2023-07-19 10:21:30.052083,680.5763995943205
2023-07-20 10:21:30.052083,680.5763995943205
2023-07-20 10:21:30.052083,680.5763995943205
2023-07-21 10:21:30.052083,680.5763995943205
2023-07-21 10:21:30.052083,680.5763995943205
2023-07-22 10:21:30.052083,673.5215922920893
2023-07-23 10:21:30.052083,673.5215922920893
2023-07-23 10:21:30.052083,673.0176774847871
2023-07-24 10:21:30.052083,673.0176774847871
2023-07-24 10:21:30.052083,673.0176774847871
2023-07-25 10:21:30.052083,673.0176774847871
2023-07-25 10:21:30.052083,680.5763995943205
2023-07-26 10:21:30.052083,680.5763995943205
2023-07-27 10:21:30.052083,680.0724847870183
2023-07-27 10:21:30.052083,680.0724847870183
2023-07-28 10:21:30.052083,673.0176774847871
2023-07-28 10:21:30.052083,673.0176774847871
2023-07-29 10:21:30.052083,671.5059330628803
2023-07-29 10:21:30.052083,671.5059330628803
2023-07-30 10:21:30.052083,671.5059330628803
2023-07-31 10:21:30.053080,671.5059330628803
2023-07-31 10:21:30.053080,671.5059330628803
2023-08-01 10:21:30.053080,671.5059330628803
2023-08-01 10:21:30.053080,665.4589553752536
2023-08-02 10:21:30.053080,665.4589553752536
2023-08-03 10:21:30.053080,666.9706997971603
2023-08-03 10:21:30.053080,666.9706997971603
2023-08-04 10:21:30.053080,665.4589553752536
2023-08-04 10:21:30.053080,665.4589553752536
2023-08-05 10:21:30.053080,665.4589553752536
2023-08-05 10:21:30.053080,665.4589553752536
2023-08-06 10:21:30.053080,661.931551724138
2023-08-07 10:21:30.053080,661.931551724138
2023-08-07 10:21:30.053080,670.4981034482759
2023-08-08 10:21:30.053080,670.4981034482759
2023-08-08 10:21:30.053080,672.5137626774848
2023-08-09 10:21:30.053080,672.5137626774848
2023-08-09 10:21:30.053080,679.568569979716
2023-08-10 10:21:30.053080,679.568569979716
2023-08-11 10:21:30.053080,684.1038032454361
2023-08-11 10:21:30.053080,684.1038032454361
2023-08-12 10:21:30.053080,684.6077180527384
2023-08-12 10:21:30.053080,684.6077180527384
2023-08-13 10:21:30.053080,685.6155476673428
2023-08-13 10:21:30.053080,685.6155476673428
2023-08-14 10:21:30.054079,683.0959736308316
2023-08-15 10:21:30.054079,683.0959736308316
2023-08-15 10:21:30.054079,673.0176774847871
2023-08-16 10:21:30.054079,673.0176774847871
2023-08-16 10:21:30.054079,669.4902738336714
2023-08-17 10:21:30.054079,669.4902738336714
2023-08-17 10:21:30.054079,666.9706997971603
2023-08-18 10:21:30.054079,666.9706997971603
2023-08-19 10:21:30.054079,666.9706997971603
2023-08-19 10:21:30.054079,666.9706997971603
2023-08-20 10:21:30.054079,659.4119776876267
2023-08-20 10:21:30.054079,659.4119776876267
2023-08-21 10:21:30.054079,652.8610851926978
2023-08-22 10:21:30.054079,652.8610851926978
2023-08-22 10:21:30.054079,645.3023630831643
2023-08-23 10:21:30.054079,645.3023630831643
2023-08-23 10:21:30.054079,645.8062778904665
2023-08-24 10:21:30.054079,645.8062778904665
2023-08-24 10:21:30.054079,640.7671298174442
2023-08-25 10:21:30.054079,640.7671298174442
2023-08-26 10:21:30.054079,636.7358113590263
2023-08-26 10:21:30.054079,636.7358113590263
2023-08-27 10:21:30.054079,633.712322515213
2023-08-27 10:21:30.054079,633.712322515213
2023-08-28 10:21:30.054079,641.7749594320487
2023-08-28 10:21:30.055080,641.7749594320487
2023-08-29 10:21:30.055080,644.2945334685598
2023-08-30 10:21:30.055080,644.2945334685598
2023-08-30 10:21:30.055080,644.798448275862
2023-08-31 10:21:30.055080,644.798448275862
2023-08-31 10:21:30.055080,650.3415111561866
2023-09-01 10:21:30.055080,650.3415111561866
2023-09-01 10:21:30.055080,650.3415111561866
2023-09-02 10:21:30.055080,650.3415111561866
2023-09-03 10:21:30.055080,650.3415111561866
2023-09-03 10:21:30.055080,650.3415111561866
2023-09-04 10:21:30.055080,649.3336815415821
2023-09-04 10:21:30.055080,649.3336815415821
2023-09-05 10:21:30.055080,645.8062778904665
2023-09-05 10:21:30.055080,645.8062778904665
2023-09-06 10:21:30.055080,643.7906186612577
2023-09-07 10:21:30.055080,643.7906186612577
2023-09-07 10:21:30.055080,640.7671298174442
2023-09-08 10:21:30.055080,640.7671298174442
2023-09-08 10:21:30.055080,641.2710446247464
2023-09-09 10:21:30.055080,641.2710446247464
2023-09-10 10:21:30.055080,635.2240669371197
2023-09-10 10:21:30.055080,635.2240669371197
2023-09-11 10:21:30.055080,634.7201521298175
2023-09-11 10:21:30.055080,634.7201521298175
2023-09-12 10:21:30.055080,634.7201521298175
2023-09-12 10:21:30.056088,634.7201521298175
2023-09-13 10:21:30.056088,639.2553853955376
2023-09-14 10:21:30.056088,639.2553853955376
2023-09-14 10:21:30.056088,636.2318965517242
2023-09-15 10:21:30.056088,636.2318965517242
2023-09-15 10:21:30.056088,636.2318965517242
2023-09-16 10:21:30.056088,636.2318965517242
2023-09-16 10:21:30.056088,639.2553853955376
2023-09-17 10:21:30.056088,639.2553853955376
2023-09-18 10:21:30.056088,639.2553853955376
2023-09-18 10:21:30.056088,639.2553853955376
2023-09-19 10:21:30.056088,638.2475557809331
2023-09-19 10:21:30.056088,638.2475557809331
2023-09-20 10:21:30.056088,637.2397261663286
2023-09-20 10:21:30.056088,637.2397261663286
2023-09-21 10:21:30.056088,634.7201521298175
2023-09-22 10:21:30.056088,634.7201521298175
2023-09-22 10:21:30.056088,632.7044929006086
2023-09-23 10:21:30.056088,632.7044929006086
2023-09-23 10:21:30.056088,630.1849188640974
2023-09-24 10:21:30.056088,630.1849188640974
2023-09-24 10:21:30.056088,631.6966632860041
2023-09-25 10:21:30.056088,631.6966632860041
2023-09-26 10:21:30.056088,632.2005780933063
2023-09-26 10:21:30.057056,632.2005780933063
2023-09-27 10:21:30.057056,634.2162373225152
2023-09-27 10:21:30.057056,634.2162373225152
2023-09-28 10:21:30.057056,633.712322515213
2023-09-29 10:21:30.057056,633.712322515213
2023-09-29 10:21:30.057056,644.798448275862
2023-09-30 10:21:30.057056,644.798448275862
2023-09-30 10:21:30.057056,645.3023630831643
2023-10-01 10:21:30.057056,645.3023630831643
2023-10-01 10:21:30.057056,645.3023630831643
2023-10-02 10:21:30.057056,645.3023630831643
2023-10-03 10:21:30.057056,633.2084077079107
2023-10-03 10:21:30.057056,633.2084077079107
2023-10-04 10:21:30.057056,625.6496855983773
2023-10-04 10:21:30.057056,625.6496855983773
2023-10-05 10:21:30.057056,623.6340263691684
2023-10-05 10:21:30.057056,623.6340263691684
2023-10-06 10:21:30.057056,623.1301115618661
2023-10-07 10:21:30.057056,623.1301115618661
2023-10-07 10:21:30.057056,623.1301115618661
2023-10-08 10:21:30.057056,623.1301115618661
2023-10-08 10:21:30.057056,621.6183671399594
2023-10-09 10:21:30.057056,621.6183671399594
2023-10-09 10:21:30.057056,620.610537525355
2023-10-10 10:21:30.057056,620.610537525355
2023-10-11 10:21:30.057056,618.594878296146
2023-10-11 10:21:30.058073,618.594878296146
2023-10-12 10:21:30.058073,617.0831338742394
2023-10-12 10:21:30.058073,617.0831338742394
2023-10-13 10:21:30.058073,615.5713894523326
2023-10-13 10:21:30.058073,615.5713894523326
2023-10-14 10:21:30.058073,614.0596450304259
2023-10-15 10:21:30.058073,614.0596450304259
2023-10-15 10:21:30.058073,612.5479006085193
2023-10-16 10:21:30.058073,612.5479006085193
2023-10-16 10:21:30.058073,610.0283265720082
2023-10-17 10:21:30.058073,610.0283265720082
2023-10-18 10:21:30.058073,608.0126673427992
2023-10-18 10:21:30.058073,608.0126673427992
2023-10-19 10:21:30.058073,608.0126673427992
2023-10-19 10:21:30.058073,608.0126673427992
2023-10-20 10:21:30.058073,608.5165821501014
2023-10-20 10:21:30.058073,608.5165821501014
2023-10-21 10:21:30.058073,611.0361561866125
2023-10-22 10:21:30.058073,611.0361561866125
2023-10-22 10:21:30.058073,611.5400709939148
2023-10-23 10:21:30.058073,611.5400709939148
2023-10-23 10:21:30.058073,612.043985801217
2023-10-24 10:21:30.058073,612.043985801217
2023-10-24 10:21:30.058073,596.9265415821501
2023-10-25 10:21:30.058073,596.9265415821501
2023-10-26 10:21:30.059054,595.9187119675456
2023-10-26 10:21:30.059054,595.9187119675456
2023-10-27 10:21:30.059054,605.4930933062881
2023-10-27 10:21:30.059054,605.4930933062881
2023-10-28 10:21:30.059054,609.5244117647059
2023-10-28 10:21:30.059054,609.5244117647059
2023-10-29 10:21:30.059054,608.0126673427992
2023-10-30 10:21:30.059054,608.0126673427992
2023-10-30 10:21:30.059054,607.0048377281947
2023-10-31 10:21:30.059054,607.0048377281947
2023-10-31 10:21:30.059054,604.9891784989858
2023-11-01 10:21:30.059054,604.9891784989858
2023-11-01 10:21:30.059054,604.9891784989858
2023-11-02 10:21:30.059054,604.9891784989858
2023-11-03 10:21:30.059054,591.3834787018255
2023-11-03 10:21:30.059054,591.3834787018255
2023-11-04 10:21:30.059054,590.3756490872211
2023-11-04 10:21:30.059054,590.3756490872211
2023-11-05 10:21:30.059054,587.8560750507099
2023-11-06 10:21:30.059054,587.8560750507099
2023-11-06 10:21:30.059054,598.4382860040567
2023-11-07 10:21:30.059054,598.4382860040567
2023-11-07 10:21:30.059054,601.4617748478702
2023-11-08 10:21:30.059054,601.4617748478702
2023-11-08 10:21:30.059054,600.957860040568
2023-11-09 10:21:30.060040,600.957860040568
2023-11-10 10:21:30.060040,601.9656896551724
2023-11-10 10:21:30.060040,601.9656896551724
2023-11-11 10:21:30.060040,601.9656896551724
2023-11-11 10:21:30.060040,601.9656896551724
2023-11-12 10:21:30.060040,601.9656896551724
2023-11-12 10:21:30.060040,601.9656896551724
2023-11-13 10:21:30.060040,603.4774340770791
2023-11-14 10:21:30.060040,603.4774340770791
2023-11-14 10:21:30.060040,603.9813488843813
2023-11-15 10:21:30.060040,603.9813488843813
2023-11-15 10:21:30.060040,602.4696044624746
2023-11-16 10:21:30.060040,602.4696044624746
2023-11-16 10:21:30.060040,601.4617748478702
2023-11-17 10:21:30.060040,601.4617748478702
2023-11-18 10:21:30.060040,599.4461156186612
2023-11-18 10:21:30.060040,599.4461156186612
2023-11-19 10:21:30.060040,598.942200811359
2023-11-19 10:21:30.060040,598.942200811359
2023-11-20 10:21:30.060040,599.4461156186612
2023-11-20 10:21:30.060040,599.4461156186612
2023-11-21 10:21:30.060040,597.9343711967546
2023-11-22 10:21:30.061033,597.9343711967546
2023-11-22 10:21:30.061033,595.9187119675456
2023-11-23 10:21:30.061033,595.9187119675456
2023-11-23 10:21:30.061033,596.9265415821501
2023-11-24 10:21:30.061033,596.9265415821501
2023-11-25 10:21:30.061033,598.942200811359
2023-11-25 10:21:30.061033,598.942200811359
2023-11-26 10:21:30.061033,598.942200811359
2023-11-26 10:21:30.061033,598.942200811359
2023-11-27 10:21:30.061033,598.942200811359
2023-11-27 10:21:30.061033,598.942200811359
2023-11-28 10:21:30.061033,598.942200811359
2023-11-29 10:21:30.061033,598.942200811359
2023-11-29 10:21:30.061033,597.9343711967546
2023-11-30 10:21:30.061033,597.9343711967546
2023-11-30 10:21:30.061033,596.9265415821501
2023-12-01 10:21:30.061033,596.9265415821501
2023-12-01 10:21:30.061033,594.9108823529411
2023-12-02 10:21:30.061033,594.9108823529411
2023-12-03 10:21:30.061033,587.3521602434078
2023-12-03 10:21:30.061033,587.3521602434078
2023-12-04 10:21:30.061033,581.8090973630832
2023-12-04 10:21:30.061033,581.8090973630832
2023-12-05 10:21:30.061033,579.7934381338742
2023-12-05 10:21:30.061033,579.7934381338742
2023-12-06 10:21:30.061033,580.8012677484787
2023-12-07 10:21:30.061033,580.8012677484787
2023-12-07 10:21:30.062047,593.9030527383367
2023-12-08 10:21:30.062047,593.9030527383367
2023-12-08 10:21:30.062047,593.9030527383367
2023-12-09 10:21:30.062047,593.9030527383367
2023-12-09 10:21:30.062047,589.3678194726166
2023-12-10 10:21:30.062047,589.3678194726166
2023-12-11 10:21:30.062047,589.8717342799189
2023-12-11 10:21:30.062047,589.8717342799189
2023-12-12 10:21:30.062047,590.8795638945234
2023-12-12 10:21:30.062047,590.8795638945234
2023-12-13 10:21:30.062047,590.3756490872211
2023-12-14 10:21:30.062047,590.3756490872211
